Summons Number,Plate ID,Registration State,Plate Type,Issue Date,Violation Code,Vehicle Body Type,Vehicle Make,Issuing Agency,Street Code1,Street Code2,Street Code3,Vehicle Expiration Date,Violation Location,Violation Precinct,Issuer Precinct,Issuer Code,Issuer Command,Issuer Squad,Violation Time,Time First Observed,Violation County,Violation In Front Of Or Opposite,House Number,Street Name,Intersecting Street,Date First Observed,Law Section,Sub Division,Violation Legal Code,Days Parking In Effect    ,From Hours In Effect,To Hours In Effect,Vehicle Color,Unregistered Vehicle?,Vehicle Year,Meter Number,Feet From Curb,Violation Post Code,Violation Description,No Standing or Stopping Violation,Hydrant Violation,Double Parking Violation
1447152396,JET2661,NY,PAS,6/28/2019,21,SDN,BMW,P,27390,36290,36350,20210306,26,26,26,964055,26,0,1000A,,NY,F,21,OLD BROADWAY,,0,408,D1,,BYBBYBB,0900A,1030A,GRY,0,0,-,0,,,,,
1447152402,JCV6523,NY,PAS,6/28/2019,20,SDN,TOYOT,P,36290,27390,13113,20210109,26,26,26,964055,26,0,1011A,,NY,F,545,W 126 STREET,,0,408,D1,,BBBBBBB,ALL,ALL,GY,0,0,-,0,,,,,
1447152554,GMK6954,NY,PAS,6/16/2019,19,SUBN,BMW,P,36270,11710,27390,20190720,26,26,26,927590,26,0,0107A,,,F,509,W 125 ST,,0,408,F1,,BBBBBBB,ALL,ALL,BLK,0,2019,-,0,,,,,
1447152580,JGX1641,NY,PAS,6/24/2019,19,SDN,AUDI,P,36270,11710,27390,20210408,26,26,26,927590,26,0,0300A,,,F,501,W 125 ST,,0,408,F2,,BBBBBBB,ALL,ALL,BLK,0,2015,-,0,,,,,
1447152724,GDM8069,NY,COM,7/6/2019,48,,,P,31190,36310,36330,20210109,26,26,26,963447,26,0,0653A,,NY,F,341,ST NICHOLAS AVENUE,,0,408,F1,,BBBBBBB,ALL,ALL,,0,0,-,0,,,,,
1447152992,HXH5242,NY,PAS,6/14/2019,46,SUBN,NISSA,P,36270,11710,27390,20200321,26,26,26,963451,26,0,0515P,,NY,F,564,W 125 ST,,0,408,C,,BBBBBBB,ALL,ALL,GY,0,0,-,0,,,,,
1447153315,HXM3470,NY,PAS,6/14/2019,40,SUBN,TOYOT,P,36290,11710,27390,20200130,26,26,26,959203,26,0,0524P,,NY,O,504,W 126 ST,,0,408,F1,,BBBBBBB,ALL,ALL,BK,0,2005,-,1,,,,,
1447153327,GWH9640,NY,PAS,6/14/2019,46,SUBN,HONDA,P,36270,11710,27390,20210326,26,26,26,959203,26,0,0601P,,NY,F,515,W 125 ST,,0,408,E2,,BBBBBBB,ALL,ALL,GY,0,2003,-,0,,,,,
1447153340,HKB1769,NY,PAS,6/28/2019,40,SUBN,TOYOT,P,36290,11710,27390,20200901,26,26,26,959203,26,0,0935A,,NY,O,504,W 126 ST,,0,408,D,,BBBBBBB,ALL,ALL,GY,0,2004,-,0,,,,,
1447153352,GDH2184,ME,PAS,7/6/2019,48,SDN,DODGE,P,31190,40404,40404,0,26,26,26,959205,26,0,1217P,,NY,F,361,SAINT NICHOLAS AVE,,0,408,E9,,BBBBBBB,ALL,ALL,ORANG,0,0,-,0,,,,,
1447153649,JCA5331,NY,PAS,7/1/2019,46,SDN,ACURA,P,36270,11710,27390,20200829,26,26,26,957363,26,0,0049A,,NY,F,515,W 125 ST,,0,408,F1,,BBBBBBB,ALL,ALL,WH,0,0,-,0,,,,,
1447153789,JFW5006,99,PAS,6/16/2019,46,SDN,HONDA,P,36270,11710,27390,20210117,26,26,26,957367,26,0,0046A,,,F,511,W 125 STREET,,0,408,C3,,BBBBBBB,ALL,ALL,BK,0,0,-,0,,,,,
1447153790,HGR2634,NY,PAS,6/16/2019,46,,ACURA,P,36270,11710,27390,20200515,26,26,26,957363,26,0,0124A,,NY,F,515,W 125 STREET,,0,408,F1,,BBBBBBB,ALL,ALL,WH,0,0,-,0,,,,,
1447153819,GYM7645,NY,PAS,6/15/2019,19,SUBN,NISSA,P,36270,11710,27390,20210601,26,26,26,965164,26,0,0500A,,NY,F,501Q,W 125 ST,,0,408,F1,,BBBBBBB,ALL,ALL,GR,0,2019,-,0,,,,,
1447153820,KHW5523,PA,PAS,6/23/2019,78,SDN,DODGE,P,24490,11710,13610,0,26,26,26,965064,26,0,1221A,,NY,F,75,LA SALLE STREET,,0,408,C3,,BBBBBBB,ALL,ALL,BK,0,0,-,0,,,,,
1447153844,JGX7169,NY,PAS,6/30/2019,41,SDN,ME/BE,P,24490,11710,13610,20210314,26,26,26,965164,26,0,1241A,,NY,,75,LA SALLE ST,,0,408,F1,,BBBBBBB,ALL,ALL,BK,0,2016,-,0,,,,,
1447154198,JGL4948,NY,PAS,6/18/2019,46,SDN,TOYOT,P,36190,11710,13610,20190530,26,26,26,958135,26,0,1110A,,NY,O,517,W 121ST ST,,0,408,F2,,BBBBBBB,ALL,ALL,GY,0,2007,-,0,,,,,
1447154411,JKSN62,FL,PAS,6/14/2019,46,SUBN,KIA,P,36270,11710,27390,0,26,26,26,944339,26,0,0105A,,,F,511,WEST 125 STREET,,0,408,F1,,BBBBBBB,ALL,ALL,BLK,0,0,-,0,,,,,
1447155294,GMC1999,NY,PAS,6/26/2019,14,P-U,DODGE,P,13610,24490,32595,20190625,26,26,26,954023,26,0,1000P,,NY,F,3163,BROADWAY,,0,408,C,,BBBBBBB,ALL,ALL,RD,0,2016,-,0,,,,,
1447155427,JEL8372,NY,PAS,6/29/2019,74,SDN,HONDA,P,27390,36290,36350,20210414,26,26,26,964055,26,0,0843A,,NY,F,21,OLD BROADWAY,,0,408,D,,BBBBBBB,ALL,ALL,ORANG,0,0,-,0,,,,,
1447155750,GHP8968,NY,PAS,6/26/2019,14,SDN,BMW,P,13610,24490,32595,20210618,26,26,26,962964,26,0,0955P,,NY,O,3161,BROADWAY,,0,408,C,,BBBBBBB,ALL,ALL,,0,0,-,0,,,,,
1447155877,KHG6053,PA,PAS,6/27/2019,46,SDN,TOYOT,P,15410,24490,32595,0,26,26,26,943637,26,0,0508P,,,F,181,CLAREMONT AVE,,0,408,E2,,BBBBBBB,ALL,ALL,GRAY,0,0,-,0,,,,,
1447156183,JCC9316,NY,PAS,6/14/2019,20,SUBN,CHEVR,P,36330,15910,11710,20200930,26,26,26,950145,26,0,1100A,,NY,O,449,W 128 ST,,0,408,C3,,BBBBBBB,ALL,ALL,WH,0,2017,-,0,,,,,
1447156195,HMP3112,99,PAS,6/14/2019,20,SDN,DODGE,P,36330,15910,11710,20210115,26,26,26,950149,26,0,1100A,,NY,O,449,W 128,,0,408,D,,BBBBBBB,ALL,ALL,WH,0,2014,-,0,,,,,
1447156201,JFG3676,99,PAS,6/14/2019,20,SUBN,HONDA,P,36330,15910,11710,20201215,26,26,26,950148,26,0,1100A,,NY,O,449,W 128 ST,,0,408,D,,BBBBBBB,ALL,ALL,BK,0,2018,-,0,,,,,
1447156614,JCR3754,NY,PAS,6/28/2019,17,SDN,FORD,P,26490,36230,36250,20201023,26,26,26,961389,26,0,0718A,,NY,O,109,MORNINGSIDE AVE,,0,408,C,,BBBBBBB,ALL,ALL,BLK,0,2001,-,0,,,,,
1447156626,HXH7367,NY,PAS,6/28/2019,17,SDN,HONDA,P,26490,36230,36250,20190417,26,26,26,961389,26,0,0722A,,NY,O,111,MORNINGSIDE AVE,,0,408,C4,,BBBBBBB,ALL,ALL,WHT,0,2016,-,0,,,,,
1447156638,HXH5563,NY,PAS,6/28/2019,17,VAN,HONDA,P,26490,36230,36250,20190308,26,26,26,961389,26,0,0726A,,NY,O,113,MORNINGSIDE AVE,,0,408,C4,,BBBBBBB,ALL,ALL,WHT,0,2015,-,0,,,,,
1447157000,HPA3075,NY,PAS,6/30/2019,19,,VOLKS,P,36270,11710,27390,20210315,26,26,26,921706,26,0,0430A,,,F,509,W 125 ST,,0,408,E3,,BBBBBBB,ALL,ALL,,0,0,-,0,,,,,
1447157060,GFT5393,NY,PAS,7/4/2019,46,SDN,ACURA,P,31190,40404,40404,20210326,26,26,26,936269,26,0,0615P,,NY,O,587,ST NICHOLAS AVE,,0,408,E9,,BBBBBBB,ALL,ALL,WH,0,2009,-,0,,,,,
1447168951,HDH9057,NY,PAS,6/29/2019,19,SDN,ME/BE,P,24690,36310,36330,20200131,26,26,28,941307,28,0,0115A,,NY,F,339,LENOX AVE,,0,408,D,,BBBBBBB,ALL,ALL,WT,0,2019,-,0,,,,,
1447168975,JHU5285,NY,PAS,6/30/2019,19,SDN,NISSA,P,24690,36290,36310,20190709,28,28,28,941307,28,0,0350A,,NY,F,333,LENOX AVE,,0,408,C3,,BBBBBBB,ALL,ALL,WH,0,2013,-,0,,,,,
1447169335,JHX7405,NY,PAS,6/14/2019,40,SUBN,SATUR,P,36010,24690,31190,20210530,28,28,28,965629,28,0,0125A,,,F,101,W 112 ST,,0,408,F1,,BBBBBBB,ALL,ALL,BLUE,0,2006,-,0,,,,,
1447170593,HZU1090,NY,PAS,6/27/2019,46,SDN,HONDA,P,36230,10610,10810,20200425,28,28,28,936775,28,0,1110A,,,F,214,W 123 ST,,0,408,C,,BBBBBBB,ALL,ALL,,0,0,-,0,,,,,
1447171275,JJG2614,NY,PAS,7/3/2019,20,SDN,FORD,P,36050,10610,10810,20190930,28,28,28,949901,28,0,0924A,,NY,F,215,W 114 ST,,0,408,F2,,BBBBBBB,0700A,0400P,RED,0,2019,-,0,,,,,
1447171287,GYU6351,NY,PAS,7/3/2019,20,SDN,HONDA,P,36050,10610,10810,20190712,28,28,28,949901,28,0,0918A,,NY,F,215,W 114 ST,,0,408,D,,BBBBBBB,0700A,0400P,BLUE,0,2009,-,0,,,,,
1447174100,L12LEG,NJ,PAS,6/21/2019,46,SUBN,ME/BE,P,10610,36690,36710,0,32,32,32,957520,32,0,0912P,,NY,F,2524,7TH AVE,,0,408,F1,,BBBBBBB,ALL,ALL,BK,0,0,-,0,,,,,
1447174150,GXT1533,NY,PAS,6/25/2019,46,SDN,BUICK,P,36750,10610,10810,20210326,32,32,32,951520,32,0,0318P,,,F,224,W 149 ST,,0,408,J6,,BBBBBBB,ALL,ALL,BLK,0,2002,-,0,,,,,
1447174409,HSC7008,NY,PAS,6/29/2019,46,SDN,HYUND,P,36450,16400,24695,0,32,32,32,953993,32,0,0850A,,NY,F,34,W 134 ST,,0,408,C3,,BBBBBBB,ALL,ALL,SIL,0,2017,-,0,,,,,
1447177113,JHS4392,NY,PAS,6/23/2019,20,SDN,DODGE,P,36650,24690,10610,20210417,32,32,32,957690,32,0,1055A,,NY,O,162,W 144 ST,,0,408,F1,,BBBBBBB,ALL,ALL,BK,0,2007,-,0,,,,,
1447182868,GTW6638,NY,PAS,6/16/2019,19,SUBN,ME/BE,P,25690,36070,36090,20200923,28,28,28,952521,28,0,0152A,,NY,F,372,MANHATTAN AVE,,0,408,D,,BBBBBBB,ALL,ALL,WH,0,2018,-,0,,,,,
1447184282,JET2379,NY,PAS,6/28/2019,21,SDN,TOYOT,P,37170,40404,40404,20210220,28,28,28,962002,28,0,0845A,,,F,310,W 170 STREET,,0,408,F2,,BYBBYBB,0830A,1000A,WHITE,0,0,-,0,,,,,
1447184294,GXT3109,NY,PAS,6/28/2019,21,SDN,BMW,P,37170,40404,40404,20210325,28,28,28,962002,28,0,0849A,,,F,302,W 170 ST,,0,408,D1,,BYBBYBB,0830A,1000A,BLU,0,2018,-,0,,,,,
1447185640,MINTED,NY,PAS,6/22/2019,61,SDN,VOLKS,P,26490,36170,36190,20190602,28,28,28,960880,28,0,0627A,,NY,F,65,MORNINGSIDE AVENUE,,0,408,D,,BBBBBBB,ALL,ALL,WHITE,0,2014,-,0,,,,,
1447185651,MINTED,NY,PAS,6/22/2019,70,SDN,VOLKS,P,26490,36170,36190,20190602,28,28,28,960880,28,0,0627A,,NY,F,65,MORNINGSIDE AVENUE,,0,408,M1,,BBBBBBB,ALL,ALL,WHITE,0,2014,-,0,,,,,
1447195747,HCH5849,NY,PAS,6/28/2019,10,VAN,CHEVR,X,14590,97780,14710,20191129,5,5,868,868009,868,0,1101A,,NY,F,1,CENTRE STREET,,0,408,E2,,BBBBBBB,ALL,ALL,WHT,0,1998,-,0,,,,,
1447199789,HUG9376,NY,PAS,6/24/2019,17,SUBN,FORD,X,29390,14590,20240,20190330,5,5,868,868019,868,0,0608P,,NY,F,10,READE,,0,408,B,,YYYYYBB,0700A,0700P,WH,0,2008,-,0,,,,,
1447199807,HLD8482,NY,PAS,6/25/2019,17,SUBN,HONDA,X,29390,14590,20240,20200710,5,5,868,868019,868,0,0430P,,NY,F,10,READE,,0,408,C4,,YYYYYBB,0700A,0700P,,0,2014,-,0,,,,,
1447203793,HXU6709,NY,PAS,7/2/2019,17,SUBN,TOYOT,D,0,0,0,20200322,120,120,868,868032,868,0,0917A,,R,,259,W/O NICK LAPORTE PL,,0,408,K2,,YYYYYBB,0700A,0500P,WHT,0,2018,-,0,,,,,
1447203800,HXU6709,NY,PAS,7/5/2019,17,SUBN,TOYOT,D,0,0,0,20200322,120,120,868,868032,868,0,0910A,,R,,259,W/O NICK LAPORTE PL,,0,408,C4,,YYYYYBB,0700A,0500P,WHT,0,2018,-,0,,,,,
1447209047,JCM2446,NY,PAS,6/20/2019,46,,DODGE,X,21350,30800,29940,20190904,1,1,868,868077,868,0,0811A,0800A,,O,100,GOLD STREET,,0,408,C4,,BBBBBBB,ALL,ALL,WHITE,0,2017,-,0,,,,,
1447209096,GSN6227,NY,PAS,6/25/2019,17,,NISSA,X,21350,30800,29940,20200818,1,1,868,868027,868,0,0748A,0740A,,F,100,GOLD STREET,,0,408,F1,,YYYYYBB,0700A,0700P,WHITE,0,2017,-,0,,,,,
1447209102,GCG9680,NY,PAS,6/24/2019,17,VAN,DODGE,X,21350,30800,29940,0,1,1,868,868027,868,0,1120A,1119A,NY,F,100,GOLD STREET,,0,408,C4,,YYYYYBB,0700A,0700P,WHITE,0,2003,-,0,,,,,
1447209114,HFV8924,NY,PAS,6/24/2019,17,,TOYOT,X,21350,30800,29940,20200331,1,1,868,868027,868,0,1040A,1035A,,F,100,GOLD STREET,,0,408,C4,,YYYYYBB,0700A,0700P,WHITE,0,2018,-,0,,,,,
1447209138,HUJ9005,NY,PAS,6/21/2019,17,SDN,HONDA,X,21350,30800,29940,20190930,1,1,868,868027,868,0,1143A,1140A,,,100,GOLD STREET,,0,408,C4,,YYYYYBB,0700A,0700P,,0,2017,-,0,,,,,
1447209140,HVV2082,NY,PAS,6/21/2019,17,SUBN,HYUND,X,21350,30800,29940,20191115,1,1,868,868027,868,0,1138A,1133A,,F,100,GOLD STREET,,0,408,C4,,YYYYYBB,0700A,0700P,RED,0,2018,-,0,,,,,
1447209620,HN581X,NJ,PAS,7/1/2019,46,DELV,,X,21350,30800,29940,0,1,1,868,868027,868,0,0238P,0230P,NY,F,100,GOLD STREET,,0,408,F1,,BBBBBBB,ALL,ALL,,0,0,-,0,,,,,
1447209643,HPA1523,NY,PAS,6/28/2019,46,,CHRYS,X,21350,30800,29940,20210510,1,1,868,868027,868,0,1201P,1150A,NY,F,100,GOLD STREET,,0,408,C4,,BBBBBBB,ALL,ALL,,0,0,-,0,,,,,
1447209667,JEG2452,NY,PAS,6/28/2019,17,,BMW,X,0,0,0,20201231,1,1,868,868027,868,0,1101A,1250P,NY,,,FRANK FORT STREET,GOLD,0,408,F1,,YYYYYBB,0700A,0700P,WHITE,0,2019,-,0,,,,,
1447209746,JEF5501,NY,PAS,6/28/2019,14,SUBN,HYUND,X,0,40404,40404,20190930,1,1,868,868027,868,0,1154A,1140A,,F,100,GOLD STREET OPPOSITE,,0,408,C4,,BBBBBBB,ALL,ALL,BLK,0,2019,-,0,,,,,
1447209758,HXA2899,NY,PAS,6/27/2019,17,,GMC,X,20850,21350,0,20200501,1,1,868,868027,868,0,0936A,0930A,,,,FRANKFORT STREET,GOLD STREET,0,408,C,,YYYYYBB,0700A,0700P,BLK,0,2016,-,0,,,,,
1447209795,HFK808,NY,PAS,6/25/2019,17,,,X,21350,30800,29940,20200311,1,1,868,868027,868,0,0405P,0350P,,F,100,GOLD STREET,,20190625,408,C4,,YYYYYBB,0700A,0700P,WHITE,0,2019,-,0,,,,,
1447222775,HZD7928,NY,PAS,6/30/2019,98,SUBN,TOYOT,P,43130,5430,5580,20200517,78,78,78,964372,78,0,1004P,1004P,,F,25,GARFIELD PL,,0,408,F7,,BBBBBBB,ALL,ALL,GREY,0,0,-,0,,,,,
1447222970,JFG9137,NY,PAS,6/22/2019,19,SDN,DODGE,P,40930,31830,19230,20210210,78,78,78,963847,78,0,0204P,,K,F,239,FLATBUSH AVENUE,,0,408,E2,,BBBBBBB,ALL,ALL,WHITE,0,2018,-,0,,,,,
1447222982,KPG6849,PA,PAS,7/4/2019,14,SDN,ACURA,P,20670,75750,91180,0,60,60,78,963847,78,0,0523P,,K,F,1319,BOWERY ST,,0,408,C,,BBBBBBB,ALL,ALL,SILVE,0,0,-,0,,,,,
1447225375,JCU3847,NY,PAS,7/2/2019,98,SDN,CHEVR,P,74630,64330,5280,20201114,78,78,78,965222,78,0,0632P,0632P,K,F,556,SACKETT,,0,408,F1,,BBBBBBB,ALL,ALL,SILVE,0,2011,-,0,,,,,
1447236749,HVC9163,NY,PAS,7/4/2019,14,SDN,TOYOT,P,0,40404,40404,20190828,60,60,60,965385,60,0,0351P,,K,,,S/E C/O WEST 10 BOAR,,0,408,C,,BBBBBBB,ALL,ALL,WHITE,0,2017,-,0,,,,,
1447244151,GRM1069,NY,PAS,7/4/2019,51,SDN,VOLVO,P,5280,7030,0,20200527,72,72,72,955615,72,0,0550A,,K,,,3 AVE,19 ST,0,408,E5,,BBBBBBB,ALL,ALL,BLK,0,2004,-,0,,,,,
1447246007,HZP2449,NY,PAS,6/30/2019,40,VAN,CHRYS,P,83630,90730,90880,20200603,60,60,60,963797,60,0,0400P,,NY,F,602,SURF AVE,,0,408,C3,,BBBBBBB,ALL,ALL,BLK,0,2015,-,0,,,,,
1447247929,JFS4147,NY,PAS,7/2/2019,21,SDN,CADIL,P,6180,72530,6730,20200224,72,72,72,941214,72,0,1140A,,,F,1521,11 AVE,,0,408,E3,,BBBBBBB,1130A,0100P,GR,0,1970,-,0,,,,,
1447248739,JAF3296,NY,PAS,6/18/2019,98,SDN,INFIN,P,5880,6830,6930,20200723,72,72,72,932883,72,0,0148P,0145P,,F,1701,8TH AVENUE,,0,408,J6,,BBBBBBB,ALL,ALL,BLA,0,2006,-,0,,,,,
1447251581,GZE1544,NY,PAS,7/4/2019,40,SDN,HONDA,P,9030,5280,5430,20010722,72,72,72,958045,72,0,1000P,,K,F,341,49 ST,,0,408,D1,,BBBBBBB,ALL,ALL,WH,0,2019,-,0,,,,,
1447257583,GJZ4839,NY,PAS,6/29/2019,50,SUBN,NISSA,P,0,0,0,20190804,71,71,71,953492,71,0,0957P,,K,,,C/O HAWTHORNE ST,NEW YORK AVE,0,408,E2,,BBBBBBB,ALL,ALL,GN,0,0,-,0,,,,,
1447259701,LBM7856,PA,PAS,6/18/2019,98,SDN,HYUND,P,62330,12130,86030,0,71,71,71,943664,71,0,1004A,,K,F,785,MONTGOMERY ST,,0,408,F2,,BBBBBBB,ALL,ALL,WH,0,0,-,0,,,,,
1447261707,GVB8591,NY,PAS,6/30/2019,20,SDN,TOYOT,P,91180,20670,20030,20201103,60,60,60,958847,60,0,0123P,,K,F,3067,W 15 ST,,0,408,E5,,BBBBBBB,ALL,ALL,GRAY,0,2004,-,0,,,,,
1447261719,HRW4320,NY,PAS,6/30/2019,40,SUBN,GMC,P,83630,81830,75750,20190627,60,60,60,958847,60,0,0104P,,K,F,1301,SURF AVE,,0,408,D,,BBBBBBB,ALL,ALL,BLACK,0,2004,-,3,,,,,
1447261720,HUS6002,NY,PAS,6/30/2019,14,SDN,HONDA,P,81830,20670,32600,20191016,60,60,60,958847,60,0,1132A,,K,F,3030,STILLWELL AVE,,0,408,E2,,BBBBBBB,ALL,ALL,GRAY,0,2014,-,0,,,,,
1447261744,HZH9770,NY,PAS,7/3/2019,14,SDN,SUBAR,P,83630,90980,53730,20200515,60,60,60,958847,60,0,0550P,,K,F,1000,SURF AVE,,0,408,E2,,BBBBBBB,ALL,ALL,BLUE,0,2015,-,0,,,,,
1447261781,GAJ6359,NY,PAS,7/8/2019,14,SDN,MINI,P,83630,90730,90880,20200814,60,60,60,958847,60,0,1242P,,K,F,602,SURF AVENUE,,0,408,C,,BBBBBBB,ALL,ALL,GRAY,0,2008,-,0,,,,,
1447266390,HXV7827,NY,PAS,6/29/2019,46,SDN,AUDI,P,35030,41730,89180,20200327,70,70,70,952504,70,0,1120P,,NY,F,950,E 5TH,,0,408,F2,,BBBBBBB,ALL,ALL,BLK,0,2018,-,0,,,,,
1447270228,KRS1515,PA,PAS,6/16/2019,19,SDN,HONDA,P,41730,35230,28830,0,70,70,70,960648,70,0,1058A,,K,O,1043,FOSTER AVE,,0,408,C3,,BBBBBBB,ALL,ALL,GRY,0,0,-,0,,,,,
1447273679,JGK5654,NY,PAS,6/30/2019,46,SDN,INFIN,P,73210,14230,14280,20210401,69,69,69,962636,69,0,0112A,,K,F,1604,REMSEN AVE,,0,408,F1,,BBBBBBB,ALL,ALL,WHT,0,2012,-,0,,,,,
1447273680,JDM2494,NY,PAS,7/4/2019,46,SDN,DODGE,P,37525,44430,41030,20201023,69,69,69,962636,69,0,1004P,,K,F,765,E 82ND ST,,0,408,C,,BBBBBBB,ALL,ALL,BLU,0,2013,-,0,,,,,
1447273692,GJZ2086,NY,PAS,7/6/2019,98,SDN,VOLKS,P,68954,68942,14230,20190916,69,69,69,962636,69,0,1036A,,K,F,42,PAERDEGAT 10,,0,408,J6,,BBBBBBB,ALL,ALL,GY,0,2012,-,0,,,,,
1447275470,HZY7491,NY,PAS,7/3/2019,40,SDN,NISSA,P,38080,77740,44430,20200620,69,69,69,961289,69,0,0503P,,K,F,1060,E 96 ST,,0,408,C,,BBBBBBB,ALL,ALL,GRAY,0,2010,-,2,,,,,
1447281937,JJC4578,NY,PAS,6/30/2019,40,SDN,HYUND,P,37680,81840,17540,20210507,69,69,69,938967,69,0,0651A,,K,F,1171,E 87 STREET,,0,408,F1,,BBBBBBB,ALL,ALL,BLK,0,2016,-,2,,,,,
1447289808,GVF5461,NY,PAS,7/1/2019,14,SDN,FORD,P,9880,6280,6380,20210222,68,68,68,949902,68,0,0227P,,K,F,1227,66 ST,,0,408,C,,YYYYYBB,0700A,0400P,WH,0,2014,-,0,,,,,
1447292431,JEA2122,NY,PAS,6/17/2019,50,SDN,BMW,P,26630,37930,37980,20201109,67,67,67,957311,67,0,0805A,,K,O,1060,CLARKSON AVE,,0,408,F2,,BBBBBBB,ALL,ALL,WHITE,0,2014,-,0,,,,,
1447293149,HZN3473,NY,PAS,7/4/2019,46,SUBN,LEXUS,P,73480,74230,93830,0,67,67,67,964019,67,0,0917P,,K,F,135,ROCKAWAY PKY,,0,408,F1,,BBBBBBB,ALL,ALL,BLU,0,0,-,0,,,,,
1447293162,GAR5175,NY,PAS,7/6/2019,98,SUBN,JEEP,P,65030,67030,36180,0,67,67,67,964019,67,0,0204P,,K,F,3002,NEWKIRK AVE,,0,408,F2,,BBBBBBB,ALL,ALL,GRAY,0,0,-,0,,,,,
1447293940,KWA1028,PA,PAS,6/30/2019,40,VAN,GMC,P,36130,12330,85530,20200430,67,67,67,966298,67,0,0445A,,K,F,41,E 29 STREET,,0,408,E2,,BBBBBBB,ALL,ALL,WHITE,0,2008,-,0,,,,,
1447294191,JHT8418,NY,PAS,6/14/2019,40,SDN,NISSA,P,36930,41730,40230,20210523,67,67,67,966222,67,0,0855A,0855A,K,F,969,EAST 48 ST,,0,408,F1,,BBBBBBB,ALL,ALL,GR,0,2019,-,0,,,,,
1447294208,HPC5974,NY,PAS,6/28/2019,98,SDN,,P,36830,26430,13880,20190930,67,67,67,966222,67,0,1146A,,K,F,780,EAST 45TH,,0,408,5,,BBBBBBB,ALL,ALL,SILVE,0,2019,-,0,,,,,
1447294427,GVK3271,NY,PAS,6/5/2019,46,SUBN,HONDA,P,36330,56230,26230,20201120,67,67,67,940415,67,0,0702P,,K,O,226,EAST 34 STREET,,0,408,D5,,BBBBBBB,ALL,ALL,,0,2002,-,0,,,,,
1447295250,JWD3012,PA,PAS,6/30/2019,98,SDN,KIA,P,38030,13730,13780,0,67,67,67,951070,67,0,0410A,,K,F,631,E 95 ST,,0,408,C,,BBBBBBB,ALL,ALL,RD,0,0,-,0,,,,,
1447295559,HSC8645,NY,PAS,6/29/2019,46,SDN,NISSA,P,67030,85530,19630,20210509,67,67,67,966266,67,0,0344A,,K,F,1645,NOSTRAND AVENUE,,0,408,F2,,BBBBBBB,ALL,ALL,GRY,0,2017,-,0,,,,,
1447295705,HNH6632,NY,PAS,6/27/2019,46,,DODGE,P,18630,13880,65030,20210322,67,67,67,946092,67,0,1205A,,K,F,2597,BEDFORD AVE,,0,408,F1,,BBBBBBB,ALL,ALL,BLK,0,2017,-,0,,,,,
1447298792,HFM4765,NY,PAS,7/3/2019,98,SUBN,DODGE,P,23330,29630,26430,20200322,67,67,67,965179,67,0,0926P,0926P,K,F,1200,BROOKLYN AVE,,0,408,C,,BBBBBBB,ALL,ALL,WHITE,0,2014,-,0,,,,,
1447300968,JHS8892,NY,PAS,6/28/2019,98,SDN,NISSA,P,41730,36930,36980,20210503,67,67,67,966222,67,0,1157A,,K,F,4807,FOSTER AVE,,0,408,F1,,BBBBBBB,ALL,ALL,SILVE,0,2017,-,0,,,,,
1447300970,JBH2898,NY,PAS,6/30/2019,98,SDN,NISSA,P,56230,36480,36530,20200705,67,67,67,966222,67,0,0755A,,K,F,439,LINDEN BLVD,,0,408,E2,,BBBBBBB,ALL,ALL,WHITE,0,2015,-,0,,,,,
1447314384,JGM982,NY,PAS,7/5/2019,98,SDN,ME/BE,P,64830,14030,14080,20210516,63,63,63,963231,63,0,0732P,,NY,F,1848,NEW YORK AVE,,0,408,E2,,BBBBBBB,ALL,ALL,G,0,2005,-,0,,,,,
1447314967,JHV3190,NY,PAS,6/18/2019,14,SDN,HONDA,P,54065,40930,37080,20210410,63,63,63,563840,63,0,0834P,,K,F,5100,KINGS PLAZA,,0,408,D,,BBBBBBB,ALL,ALL,GREY,0,2005,-,0,,,,,
1447315066,J128550,NY,PAS,7/5/2019,14,SDN,KIA,P,81830,20670,32600,20190816,60,60,60,959840,60,0,0809P,,K,O,3049,STILLWELL AVE,,0,408,C,,BBBBBBB,ALL,ALL,,0,0,-,0,,,,,
1447315157,HWV8487,NY,PAS,6/30/2019,14,SUBN,NISSA,P,83630,90980,53730,20200201,60,60,60,959840,60,0,0430P,,K,O,1005,SURF AVE,,0,408,C,,BBBBBBB,ALL,ALL,,0,0,-,0,,,,,
1447316198,JEB6550,NY,PAS,7/2/2019,98,SUBN,KIA,P,36780,14080,14130,20201022,63,63,63,963432,63,0,0734P,,K,F,1162,E 43 ST,,0,408,J3,,BBBBBBB,ALL,ALL,,0,0,-,0,,,,,
1447320359,KMJ1971,PA,PAS,7/2/2019,98,SUBN,CHRYS,P,54050,14080,14030,20190930,63,63,63,957004,63,0,0948P,,K,F,4539,KINGS HWY,,0,408,F2,,BBBBBBB,ALL,ALL,RED,0,2006,-,0,,,,,
1447336719,GBD9462,NY,PAS,6/29/2019,19,SUBN,HONDA,P,22680,75910,22580,20200806,60,60,60,961254,60,0,0900P,,K,F,1117,BRIGHTON BEACH AVENU,,0,408,F1,,BBBBBBB,ALL,ALL,GY,0,2016,-,0,,,,,
1447337621,HXK3952,NY,PAS,6/29/2019,98,SUBN,NISSA,P,22030,67830,22680,20200425,60,60,60,938158,60,0,0700P,,K,O,3014,BRIGHTON 6 STREET,,0,408,C,,BBBBBBB,ALL,ALL,BLK,0,2010,-,0,,,,,
1447338042,KRX3142,PA,PAS,6/19/2019,40,VAN,NISSA,P,77030,17190,17230,0,60,60,60,950444,60,0,0135A,,K,F,2073,SHORE PARKWAY,,0,408,C,,BBBBBBB,ALL,ALL,,0,0,-,5,,,,,
1447343542,L10HXF,NJ,PAS,6/16/2019,14,SUBN,JEEP,P,26790,27990,28590,0,5,5,5,965044,5,0,0525P,0525P,NY,O,30,MOTT STREET,,0,408,E2,,BBBBBBB,ALL,ALL,,0,0,-,0,,,,,
1447359720,MSF8366,NY,PAS,6/14/2019,10,SDN,ME/BE,P,24390,14590,16850,20190712,5,5,5,982991,5,0,0325P,,NY,O,2,LAFAYETTE ST,,0,408,F7,,BBBBBBB,ALL,ALL,BR,0,2011,-,0,,,,,
1447360539,LMTG53,FL,PAS,6/23/2019,40,SUBN,AUDI,P,20190,21690,13810,20200630,5,5,5,960349,5,0,0225A,,NY,O,128,ELIZABETH ST,,0,408,D5,,BBBBBBB,ALL,ALL,BLK,0,0,-,0,,,,,
1447360540,M1CABS,NJ,PAS,6/23/2019,40,VAN,TOYOT,P,13460,29890,29290,20200831,5,5,5,960349,5,0,0237A,,,F,226,BOWERY,,0,408,E2,,BBBBBBB,ALL,ALL,BLK,0,0,-,3,,,,,
1447360760,GGH6245,NY,PAS,6/28/2019,51,VAN,GMC,P,20190,12810,14010,20210424,5,5,5,966216,5,0,0433P,,NY,F,16-12,ELIZABETH ST,,0,408,F1,,BBBBBBB,ALL,ALL,GY,0,2006,-,0,,,,,
1449251390,KDF1981,PA,PAS,6/24/2019,40,SDN,HONDA,P,27150,70720,68420,20170630,46,46,46,957817,46,0,0230A,,BX,O,314,E 183,,0,408,E4,,BBBBBBB,ALL,ALL,,0,0,-,0,,,,,
1449251419,HLX1839,NY,PAS,6/24/2019,67,,KIA,P,68420,12550,27090,20201202,46,46,46,957819,46,0,0250A,,BX,O,2125,TIEBOUT,,0,408,F7,,BBBBBBB,ALL,ALL,,0,0,-,0,,,,,
1449251420,KSL1457,PA,PAS,6/24/2019,46,SUBN,AUDI,P,0,40404,40404,0,46,46,46,957819,46,0,0300A,,BX,F,2192,VALENTINE,,0,408,F7,,BBBBBBB,ALL,ALL,,0,0,-,0,,,,,
1449251559,HMA6875,NY,PAS,7/5/2019,46,SDN,DODGE,P,0,0,0,20201128,,0,46,963027,46,0,0140A,,BX,,,,,0,408,F1,,BBBBBBB,ALL,ALL,BK,0,2007,-,0,,,,,
1449251560,GRZ9442,NY,PAS,6/26/2019,50,SDN,HONDA,P,38420,75370,74610,20200824,46,46,46,963452,46,0,0534P,0533P,BX,F,2078,HARRISON AVE,,0,408,F1,,BBBBBBB,ALL,ALL,BLK,0,0,-,0,,,,,
1449252151,KXH3391,PA,PAS,6/25/2019,50,SUBN,HONDA,P,53620,22240,32320,0,46,46,46,966076,46,0,0219A,,BX,O,1525,NELSON AVE,,0,408,F2,,BBBBBBB,ALL,ALL,GY,0,0,-,0,,,,,
1449252473,JHA4438,NY,PAS,7/1/2019,17,SDN,INFIN,P,0,0,0,20210415,46,46,46,961707,46,0,1040P,,BX,,,C/O E 181,RYER AVE,0,408,F2,,BBBBBBB,ALL,ALL,SILVE,0,2004,-,0,,,,,
1449252564,JGY4992,NY,PAS,7/8/2019,14,SDN,HONDA,P,0,40404,40404,20190720,46,46,46,938442,46,0,1247P,,BX,F,40,WEST TREMONT,,0,408,E9,,YYYYYBB,0700A,0400P,GREY,0,2015,-,0,,,,,
1449253015,JDY2603,NY,PAS,7/6/2019,48,SDN,HONDA,P,29620,42820,72720,20000609,46,46,46,963310,46,0,0530P,,BX,F,13,E TREMONT AVE,,0,408,C,,BBBBBBB,ALL,ALL,BR,0,0,-,0,,,,,
1449253027,HBN2648,NY,PAS,7/2/2019,20,SUBN,JEEP,P,23520,16220,74690,20191018,46,46,46,963310,46,0,1216P,,BX,F,2264,DAVIDSON AVE,,0,408,F1,,BYBBYBB,1130A,0100P,G,0,2004,-,0,,,,,
1449253039,HWZ7440,NY,PAS,7/14/2019,19,SUBN,JEEP,P,70220,10535,74400,20200205,46,46,46,963310,46,0,0520P,,BX,F,1501,UNDERCLIFF AVE,,0,408,F1,,BBBBBBB,ALL,ALL,WH,0,2019,-,0,,,,,
1449253040,GRT8494,NY,PAS,7/16/2019,50,SUBN,JEEP,P,27060,62720,0,20200609,46,46,46,963310,46,0,1040P,,BX,F,,E 180 ST,RYER AVE,0,408,F2,,BBBBBBB,ALL,ALL,SILVE,0,2012,-,0,,,,,
1449253465,M98LJM,NJ,PAS,7/5/2019,51,SDN,AUDI,P,70620,52420,75370,20230601,46,46,46,966068,46,0,1242A,,,O,1845,UNIVERSITY AVE,,0,408,F1,,BBBBBBB,ALL,ALL,BK,0,0,-,0,,,,,
1449253477,H241129,NY,PAS,7/5/2019,40,SDN,TOYOT,P,52720,51620,0,20200422,46,46,46,961916,46,0,0858P,,BX,F,,MOUNT HOPE,MONROE AVE,0,408,D,,BBBBBBB,ALL,ALL,,0,0,-,0,,,,,
1449253817,HJW5512,NY,PAS,6/9/2019,98,SUBN,FORD,P,0,40404,40404,20201030,46,46,46,963929,46,0,0835A,830,BX,F,232,MT HOPE,,0,408,E5,,BBBBBBB,ALL,ALL,BLUE,0,2002,-,0,,,,,
1449253829,HTE1978,99,PAS,7/5/2019,14,SUBN,HONDA,P,76850,36320,44125,20190705,46,46,46,965929,46,0,0840A,0840A,BX,F,40,W TREMONT AVE,,20190705,408,E3,,BBBBBBB,ALL,ALL,,0,0,-,0,,,,,
1449253866,HJV3589,NY,PAS,7/5/2019,14,SDN,TOYOT,P,76850,36320,44125,20200907,46,46,46,957925,46,0,0843A,,BX,F,40,W TREMONT AVE,,0,408,C,,BBBBBBB,ALL,ALL,SILVE,0,2014,-,0,,,,,
1449253878,GTL7675,99,PAS,7/2/2019,98,SDN,FORD,P,27060,73720,56820,20201015,46,46,46,965929,46,0,0820A,0820A,BX,O,411,E 180,,20190702,408,C,,BBBBBBB,ALL,ALL,GRY,0,2015,-,0,,,,,
1449254056,JGH2326,NY,PAS,7/8/2019,98,,HONDA,P,0,40404,40404,20201210,46,46,46,952205,46,0,0257P,,BX,F,2374,GRAND CON,,0,408,E9,,BBBBBBB,ALL,ALL,BLK,0,2018,-,0,,,,,
1449254743,JHA3247,NY,PAS,7/14/2019,46,SDN,HONDA,P,0,0,0,20210401,40,40,40,960208,40,0,1152P,,BX,,,S/W C/O E 134,LOCUST AVE,0,408,F1,,BBBBBBB,ALL,ALL,RD,0,2003,-,0,,,,,
1449254755,HNY7031,NY,PAS,7/14/2019,51,SDN,HONDA,P,0,0,0,20210424,40,40,40,960208,40,0,1151P,,BX,,,S/W C/O E 134 ST,LOCUST AVE,0,408,F1,,BBBBBBB,ALL,ALL,WH,0,2013,-,0,,,,,
1449254767,KZY4356,PA,PAS,7/14/2019,46,SDN,TOYOT,P,0,0,0,0,40,40,40,960208,40,0,1152P,,BX,,,S/E C/O E 134,LOCUST AVE,0,408,E3,,BBBBBBB,ALL,ALL,WH,0,2019,-,0,,,,,
1449254895,JGH3975,NY,PAS,7/15/2019,51,SDN,HONDA,P,25830,12550,8630,20210220,40,40,40,960208,40,0,1245A,,BX,F,805,E 139 ST,,0,408,E3,,BBBBBBB,ALL,ALL,BK,0,2010,-,0,,,,,
1449254901,HXH6615,NY,PAS,7/15/2019,51,SDN,HONDA,P,25830,12550,8630,20200920,,0,40,960208,40,0,1245A,,BX,F,805,E 139 ST,,0,408,F1,,BBBBBBB,ALL,ALL,WH,0,2004,-,0,,,,,
1449255140,KRF9840,PA,PAS,7/16/2019,51,SDN,ME/BE,P,0,40404,40404,0,40,40,40,952829,40,0,0430P,,BX,F,529,TIMSON PL,,0,408,E5,,BBBBBBB,ALL,ALL,WH,0,0,-,0,,,,,
1449255747,HHC2908,NY,PAS,7/13/2019,46,SDN,HONDA,P,0,0,0,20200616,40,40,40,943349,40,0,0920P,,BX,,,E 135 ST,W/O CYPRESS AVE,0,408,C3,,BBBBBBB,ALL,ALL,BK,0,2017,-,0,,,,,
1449262053,JDW8308,NY,PAS,6/23/2019,46,SDN,HONDA,P,49920,11625,77850,20200916,45,45,45,959988,45,0,0602P,,BX,F,1912,MAYFLOWER AVENUE,,0,408,F1,,BBBBBBB,ALL,ALL,WH,0,2011,-,0,,,,,
1449262491,HWB3489,NY,PAS,7/14/2019,14,SDN,BMW,P,0,0,0,20200724,45,45,45,965483,45,0,0352A,,,,,C/O BENCHLEY PL,BELLAMY LOOP,0,408,D,,BBBBBBB,ALL,ALL,BLK,0,2011,-,0,,,,,
1449264803,HVE5042,NY,PAS,7/14/2019,98,SDN,TOYOT,P,0,40404,40404,20190919,49,49,49,963881,49,0,1220P,,BX,F,831,NEIL AVE,,0,408,F7,,BBBBBBB,ALL,ALL,GRY,0,2017,-,0,,,,,
1449264827,HWK1014,NY,PAS,7/9/2019,24,SUBN,LEXUS,P,57720,70635,70635,20200125,49,49,49,967881,49,0,1047A,,BX,F,1400,PELHAM PARKWAY,,0,408,C3,,BYBBYBB,0800A,0400P,GRAY,0,2010,-,0,,,,,
1449267737,JHA3767,NY,PAS,6/28/2019,46,SUBN,HONDA,P,13420,47520,57720,20210414,49,49,49,940219,49,0,0852P,,BX,F,2185,BOLTON ST,,0,408,F1,,BBBBBBB,ALL,ALL,GRAY,0,2007,-,0,,,,,
1449271534,HV2056,NJ,PAS,7/16/2019,46,SUBN,CHEVR,P,17420,10520,15920,0,45,45,45,928119,45,0,0355A,,BX,O,1034,CALHOUN AVE,,0,408,D,,BBBBBBB,ALL,ALL,,0,0,-,0,,,,,
1449272289,JBN4282,NY,PAS,6/21/2019,63,SUBN,ACURA,P,55960,12550,12550,20200916,45,45,163,946081,163,0,0804P,,BX,F,1,ORCHARD BEACH RD,,0,408,C4,,BBBBBBB,ALL,ALL,GREY,0,2007,-,0,,,,,
1449272290,HSV7839,NY,PAS,6/21/2019,63,SUBN,ACURA,P,55960,12550,12550,20190629,45,45,163,946081,163,0,0805P,,BX,F,1,ORCHARD BEACH RD,,0,408,F3,,BBBBBBB,ALL,ALL,BLK,0,2017,-,0,,,,,
1449272307,HHL5516,NY,PAS,6/28/2019,20,SDN,KIA,P,55960,12550,12550,20200528,45,45,163,946081,163,0,0113P,,BX,F,1,ORCHARD BEACH RD,,0,408,F3,,BBBBBBB,ALL,ALL,BK,0,2013,-,0,,,,,
1449272320,HEZ8540,NY,PAS,6/28/2019,20,SUBN,HONDA,P,55960,12550,12550,20200215,45,45,163,946081,163,0,0116P,,BX,F,1,ORCHARD BEACH RD,,0,408,D,,BBBBBBB,ALL,ALL,WHITE,0,2018,-,0,,,,,
1449272332,HXS9599,NY,PAS,6/28/2019,20,SDN,BUICK,P,55960,12550,12550,20200712,45,45,163,946087,163,0,0120P,,BX,F,1,ORCHARD BEACH RD,,0,408,D,,BBBBBBB,ALL,ALL,GREY,0,2001,-,0,,,,,
1449273518,HFY6464,NY,PAS,7/2/2019,71,SUBN,JEEP,P,11620,12550,11130,20200419,45,45,45,902823,45,0,0718P,,BX,F,272,BAYCHESTER AVE,,0,408,F2,,BBBBBBB,ALL,ALL,GY,0,2016,-,0,,,,,
1449274274,KPB9906,PA,PAS,7/1/2019,98,SDN,MAZDA,P,0,40404,40404,20200131,45,45,45,886389,45,0,0400A,,BX,,298,QUINCY AVE S/O,,0,408,D,,BBBBBBB,ALL,ALL,WHT,0,2007,-,0,,,,,
1449277482,HJG5091,NY,PAS,7/7/2019,40,SUBN,AUDI,P,22420,19720,19020,20200913,42,42,42,963517,42,0,0812P,0812P,BX,F,1506,CROTONA PARK E,,0,408,F2,,BBBBBBB,ALL,ALL,GRAY,0,2007,-,0,,,,,
1449278024,HKW1446,NY,PAS,7/15/2019,50,SUBN,DODGE,P,19420,66620,33720,20200909,42,42,42,961780,42,0,0426P,,BX,F,1287,CHISHOLM ST,,0,408,F1,,BBBBBBB,ALL,ALL,BLK,0,2016,-,0,,,,,
1449285454,HWB3992,NY,PAS,6/16/2019,19,SUBN,HONDA,P,14920,75290,75320,20191219,50,50,50,942531,50,0,0937A,,BX,O,6645,BROADWAY,,0,408,F7,,BBBBBBB,ALL,ALL,BLK,0,2013,-,0,,,,,
1449286124,HZS9148,NY,PAS,6/25/2019,98,SDN,NISSA,P,17920,56020,56020,20200911,50,50,50,931072,50,0,0711P,,BX,F,3829,CANNON PL,,0,408,F2,,BBBBBBB,ALL,ALL,TAN,0,2006,-,0,,,,,
1449286902,JGB7174,NY,PAS,7/12/2019,24,SDN,ME/BE,P,0,40404,40404,20210117,50,50,50,959193,50,0,0908P,,BX,,,R/O 210 W 230TH STRE,,0,408,E2,,BBBBBBB,ALL,ALL,WHITE,0,2011,-,0,,,,,
1449290589,HUT7802,NY,PAS,7/12/2019,98,SUBN,TOYOT,P,28440,18120,47220,20190809,47,47,47,958691,47,0,0620A,,BX,F,658,E 227 ST,,0,408,E5,,BBBBBBB,ALL,ALL,WH,0,2016,-,0,,,,,
1449290838,HYC6235,NY,PAS,6/19/2019,98,SDN,TOYOT,P,27990,57320,45020,20200514,47,47,47,964762,47,0,0445A,,BX,F,1016,E 212 ST,,0,408,E2,,BBBBBBB,ALL,ALL,RED,0,2010,-,0,,,,,
1449290978,JHH3627,NY,PAS,7/6/2019,98,SDN,HONDA,P,28320,77150,10620,20210530,47,47,47,956201,47,0,0613P,,BX,F,711,E 223 ST,,0,408,C,,BBBBBBB,ALL,ALL,WHT,0,2010,-,0,,,,,
1449291170,JCT4353,NY,PAS,7/4/2018,46,SUBN,JEEP,P,31220,40404,40404,20200808,47,47,47,963297,47,0,1022P,,BX,F,40362,ELY AVENUE,,0,408,F2,,BBBBBBB,ALL,ALL,BK,0,2017,-,0,,,,,
1449291235,HTF7488,NY,PAS,7/4/2019,46,SDN,HONDA,P,32920,13820,39790,20190729,47,47,47,926590,47,0,1135P,,BX,F,3435,FISH AVE,,0,408,F1,,BBBBBBB,ALL,ALL,GR,0,2014,-,0,,,,,
1449291508,IHBN76,FL,PAS,6/19/2019,98,SDN,NISSA,P,31220,68860,13820,0,42,42,42,959433,42,0,0702P,,BX,F,3423,ELY AVE,,0,408,F2,,BBBBBBB,ALL,ALL,,0,0,-,0,,,,,
1449291673,KRKG91,FL,PAS,7/13/2019,46,SDN,ME/BE,P,15020,28410,28470,0,47,47,47,959650,47,0,0121A,,,F,4010,BRONX BLVD,,0,408,F2,,BBBBBBB,ALL,ALL,BLK,0,0,-,0,,,,,
1449292239,HZN9083,NY,PAS,7/3/2019,46,SDN,ME/BE,P,28860,77650,53120,20190522,47,47,47,959219,47,0,0728P,,BX,F,941,E 241 STREET,,0,408,F2,,BBBBBBB,ALL,ALL,WHITE,0,2010,-,0,,,,,
1449292793,JEJ2065,NY,PAS,6/24/2019,98,SDN,SUBAR,P,11620,58620,53720,20201219,47,47,47,966310,47,0,0055A,,BX,F,4303,BAYCHESTER AVE,,0,408,J5,,BBBBBBB,ALL,ALL,BLK,0,2002,-,0,,,,,
1449292847,HNR3867,NY,PAS,6/26/2019,46,SDN,INFIN,P,77150,28740,53720,20210207,47,47,47,966310,47,0,0520A,,BX,F,4376-4380,WHITE PLAINS RD,,0,408,F7,,BBBBBBB,ALL,ALL,GRY,0,2017,-,0,,,,,
1449293244,HZK2100,NY,PAS,6/30/2019,46,SUBN,NISSA,P,15020,28020,28110,20200413,47,47,47,960190,47,0,0140A,,BX,F,3620,BRONX BLVD,,0,408,F2,,BBBBBBB,ALL,ALL,RED,0,2009,-,0,,,,,
1449293256,HXH7596,NY,PAS,7/3/2019,98,SDN,HONDA,P,11120,22920,40320,20200412,47,47,47,960190,47,0,0230A,,BX,F,739,BARTHOLDI STREET,,0,408,F1,,BBBBBBB,ALL,ALL,GRAY,0,2011,-,0,,,,,
1449293335,HYW6933,NY,PAS,6/30/2019,98,SUBN,TOYOT,P,0,0,0,20200330,47,47,47,960190,47,0,0620A,,BX,F,,REAR 4145 PAULDING A,V,0,408,F1,,BBBBBBB,ALL,ALL,BLACK,0,2019,-,0,,,,,
1449293360,HES3392,NY,PAS,6/30/2019,98,SDN,FORD,P,28020,10620,15620,20191220,47,47,47,939912,47,0,0254P,,BX,F,839,E 213 ST,,0,408,F2,,BBBBBBB,ALL,ALL,BLACK,0,0,-,0,,,,,
1449293694,HTY5445,PA,PAS,7/9/2019,40,SUBN,ME/BE,P,28290,77150,10620,0,47,47,47,963161,47,0,1119P,,BX,F,764,E 222ND STREET,,0,408,F2,,BBBBBBB,ALL,ALL,BLACK,0,0,-,2,,,,,
1449293700,HMM1248,NY,PAS,6/18/2019,98,SUBN,ME/BE,P,13360,68860,52710,20201220,47,47,47,963164,47,0,0730P,,BX,F,3416,BOLLER AVE,,0,408,C3,,BBBBBBB,ALL,ALL,BLK,0,2014,-,0,,,,,
1449293712,HPW6160,NY,PAS,6/18/2019,98,SDN,TOYOT,P,28350,15620,57320,20200415,47,47,47,963169,47,0,0655P,,BX,F,948,E 224 ST,,0,408,F2,,BBBBBBB,ALL,ALL,BLU,0,2005,-,0,,,,,
1449295599,HZY4612,NY,PAS,7/12/2019,20,SDN,ME/BE,P,26880,56820,73120,20190823,48,48,48,948655,48,0,0854A,,BX,F,440,E 174TH ST,,0,408,K6,,BYBBYBB,0830A,1000A,,0,0,-,0,,,,,
1449295800,JFJ3890,NY,PAS,6/25/2019,46,SDN,ACURA,P,27060,22320,20220,20210115,48,48,48,942069,48,0,0945P,,BX,F,713,E 180 ST,,0,408,F1,,BBBBBBB,ALL,ALL,,0,0,-,0,,,,,
1449296245,K76LCW,99,PAS,7/11/2019,20,SDN,NISSA,P,7520,27150,0,20200320,48,48,48,963056,48,0,0843A,0843A,BX,,,ADAMS PL,E 183 ST,20190711,408,F2,,YBBYBBB,0830A,1000A,WH,0,2016,-,0,,,,,
1449296361,JBG8893,NY,PAS,6/25/2019,21,VAN,HONDA,P,27150,11320,11420,20201111,48,48,48,963159,48,0,0938A,,BX,F,518,E 183 ST,,0,408,F1,,BYBBYBB,0930A,1100A,BLK,0,2012,-,0,,,,,
1449296373,JHN3713,NY,PAS,7/10/2019,46,SDN,VOLVO,P,27120,9520,9520,20210701,48,48,48,963159,48,0,1033A,,BX,F,601,E 182 ST,,0,408,E2,,BBBBBBB,ALL,ALL,BLK,0,2004,-,0,,,,,
1449296397,GEX1148,NY,PAS,6/16/2019,98,SUBN,FORD,P,27090,73120,11420,20210219,48,48,48,963159,48,0,0253P,,BX,F,486,E 181 ST,,0,408,K4,,BBBBBBB,ALL,ALL,BLK,0,2003,-,0,,,,,
1449297717,JEJ8928,NY,PAS,7/5/2019,98,SUBN,NISSA,P,27030,11420,68020,20210328,48,48,48,945593,48,0,0700A,,,F,515,E 179 ST,,0,408,F1,,BBBBBBB,ALL,ALL,G,0,2011,-,0,,,,,
1449297997,JHM7523,NY,PAS,6/28/2019,20,SDN,BMW,P,31020,49520,65320,20210522,48,48,48,960806,48,0,0250A,,BX,F,869,ELSMERE PL,,0,408,F1,,YYYYYYY,ALL,ALL,GREY,0,2005,-,0,,,,,
1449298000,JHM7523,NY,PAS,6/28/2019,71,SDN,BMW,P,31020,49520,65320,20210523,48,48,48,960806,48,0,0250A,,BX,F,869,ELSMERE PL,,0,408,D,,BBBBBBB,ALL,ALL,GREY,0,2005,-,0,,,,,
1449298485,GXD6976,NY,PAS,6/17/2019,41,SUBN,CHRYS,P,17520,27150,21720,20190617,48,48,49,963639,49,0,0545A,0540A,BX,F,2330,CAMBRELENG AVE,,0,408,F2,,BBBBBBB,ALL,ALL,,0,0,-,0,,,,,
1449298928,GML2884,NY,PAS,6/26/2019,20,DELV,TOYOT,P,0,0,0,20200110,48,48,48,907717,48,0,1209P,,BX,,4181,37TH AVE,,0,408,D1,,YYYYYBB,0700A,0600P,RED,0,0,-,0,,,,,
1449299283,JGW2125,NY,PAS,7/5/2019,46,SDN,CHRYS,P,27150,12020,0,20210403,48,48,48,960674,48,0,1245A,,BX,,,E 183 ST,BEAUMONT,0,408,F2,,BBBBBBB,ALL,ALL,,0,0,-,0,,,,,
1449304163,KWYB83,FL,PAS,6/19/2019,98,SDN,ME/BE,P,47620,26730,33720,20200228,42,42,42,960946,42,0,0414A,,BX,F,1370,LYMAN PL,,0,408,F2,,BBBBBBB,ALL,ALL,GRAY,0,0,-,0,,,,,
1449316359,GHP4817,NY,PAS,6/30/2019,98,SDN,NISSA,P,78450,64320,7720,20200702,49,49,49,965505,49,0,0552A,,BX,F,2999,WILSON AVE,,0,408,F2,,BBBBBBB,ALL,ALL,BLK,0,2011,-,0,,,,,
1449316372,JGZ2243,NY,PAS,7/6/2019,98,AM,HONDA,P,9320,77150,22920,20210618,49,49,49,965505,49,0,0645A,,BX,O,713,ARNOW AVE,,0,408,F1,,BBBBBBB,ALL,ALL,GRY,0,2005,-,0,,,,,
1449317029,GXW4221,NY,PAS,7/10/2019,60,SDN,HYUND,P,15220,9320,7720,20210414,49,49,49,962553,49,0,0739P,,BX,O,2972,BRONX PARK E,,0,408,F1,,BBBBBBB,ALL,ALL,G,0,2008,-,0,,,,,
1449317066,JHC7211,NY,PAS,6/27/2019,45,SUBN,HONDA,P,13820,15620,78050,20200216,49,49,49,962553,49,0,0733P,,BX,O,2750,BOSTON RD,,0,408,D,,BBBBBBB,ALL,ALL,GY,0,2018,-,0,,,,,
1449317637,HFE5246,NY,PAS,7/11/2019,98,SDN,INTER,P,72620,9320,78050,20200412,49,49,49,957295,49,0,1053P,,BX,F,2925,WALLACE AVE,,0,408,M2,,BBBBBBB,ALL,ALL,GY,0,2008,-,0,,,,,
1449319518,JEJ4699,NY,PAS,6/28/2019,98,VAN,TOYOT,P,0,40404,40404,20210131,49,49,49,965593,49,0,0435A,,BX,F,1842,AMETHY ST,,0,408,J6,,BBBBBBB,ALL,ALL,BLU,0,2004,-,0,,,,,
1449319520,JHN6703,NY,PAS,6/30/2019,51,CONV,ME/BE,P,0,40404,40404,20210417,49,49,49,965593,49,0,0601A,,BX,F,1850,TOMILSON AVE,,0,408,F2,,BBBBBBB,ALL,ALL,NH,0,2009,-,0,,,,,
1449330060,JHE1659,NY,PAS,7/13/2019,40,SDN,TOYOT,P,0,40404,40404,20210331,44,44,44,954131,44,0,0946A,,BX,F,1425,UNIVERSITY,,0,408,F2,,BBBBBBB,ALL,ALL,BK,0,2017,-,0,,,,,
1449330186,JHE1659,99,PAS,7/13/2019,83,SDN,TOYOT,P,70620,74370,50520,20210331,44,44,44,954131,44,0,0946A,,BX,F,1425,UNIVERSITY AVE,,0,408,E2,,BBBBBBB,ALL,ALL,BK,0,2007,-,0,,,,,
1449330848,GVU6569,NY,PAS,6/21/2019,46,SUBN,NISSA,P,55220,74170,74210,20210208,44,44,44,958643,44,0,0817P,,BX,F,1009,OGDEN AVENUE,,0,408,F2,,BBBBBBB,ALL,ALL,RED,0,2013,-,0,,,,,
1449331075,JEJ1163,NY,PAS,6/20/2019,20,SDN,FORD,P,50520,12550,74330,20190810,44,44,44,959021,44,0,0550P,,BX,F,1285,MERRIAM AVENUE,,0,408,E5,,BBBBBBB,ALL,ALL,BLK,0,2017,-,0,,,,,
1449331087,HXV3146,NY,PAS,6/25/2019,20,SDN,HONDA,P,50520,12550,74330,20200304,44,44,44,959021,44,0,0510P,,BX,F,1285,MERRIAM AVENUE,,0,408,D,,BBBBBBB,ALL,ALL,GRY,0,2018,-,0,,,,,
1449331099,HSZ2004,NY,PAS,6/25/2019,46,SUBN,FORD,P,55220,74370,12550,20190712,44,44,44,954392,44,0,0749P,,BX,F,1404,OGDEN AV,,0,408,F2,,BBBBBBB,ALL,ALL,WHITE,0,2010,-,0,,,,,
1449331130,JHA6583,NY,PAS,6/24/2019,14,P-U,FORD,P,50520,12550,74330,20210519,44,44,44,954392,44,0,0230P,,BX,O,1285,MERRIAM AVE,,0,408,F1,,BBBBBBB,ALL,ALL,GRAY,0,1997,-,0,,,,,
1449331336,GZH8950,NY,PAS,6/24/2019,40,SUBN,JEEP,P,19920,42820,72720,20190921,44,44,44,966292,44,0,0233A,,,F,7,E CLARKE PL,,0,408,C,,BBBBBBB,ALL,ALL,BLK,0,2011,-,0,,,,,
1449331956,KXJ3298,PA,PAS,6/19/2019,98,SDN,INFIN,P,29720,26850,26880,0,44,44,44,962706,44,0,0230A,,BX,F,1677,EASTBURN AVE,,0,408,F2,,BBBBBBB,ALL,ALL,BLK,0,0,-,0,,,,,
1449334520,GEX4911,NY,PAS,7/4/2019,67,SUBN,INTER,P,67420,74115,74120,20210414,44,44,44,962306,44,0,0150A,,BX,F,903,SUMMIT AVE,,0,408,F2,,BBBBBBB,ALL,ALL,BLK,0,2004,-,0,,,,,
1449334544,HJV3747,NY,PAS,7/13/2019,46,VAN,HONDA,P,78550,74250,74260,20200929,44,44,44,962306,44,0,0510A,,BX,F,1230,WOODYCREST AVE,,0,408,F1,,BBBBBBB,ALL,ALL,GRY,0,2003,-,0,,,,,
1449335275,KNZ7563,PA,PAS,7/6/2019,48,SUBN,KIA,P,36420,27120,27150,0,46,46,46,941908,46,0,0329A,,BX,F,2264,GRAND CONCOURSE,,0,408,E2,,BBBBBBB,ALL,ALL,,0,0,-,0,,,,,
1449335299,JEF4708,NY,PAS,7/6/2019,48,VAN,HONDA,P,36420,27120,27150,20201118,,0,46,941908,46,0,0310A,,BX,F,2264,GRAND CONCOURSE,,0,408,E9,,BBBBBBB,ALL,ALL,,0,0,-,0,,,,,
1449335317,JHE1800,NY,PAS,7/6/2019,48,SDN,ME/BE,P,36420,27090,8920,20210312,46,46,46,941708,46,0,0258A,,BX,F,2173,GRAND CONCOURSE,,0,408,E9,,BBBBBBB,ALL,ALL,,0,0,-,0,,,,,
1449335329,KYS2247,PA,PAS,7/6/2019,48,VAN,HONDA,P,36420,29120,27060,0,46,46,46,941905,46,0,0206A,,BX,F,2070,GRAND CONCOURSE,,0,408,E9,,BBBBBBB,ALL,ALL,GRY,0,0,-,0,,,,,
1449335330,JBR4671,NY,PAS,7/6/2019,48,SDN,HONDA,P,36420,29120,27060,20200715,46,46,46,941908,46,0,0155A,,BX,F,2075,GRAND CONCOURSE,,0,408,E9,,BBBBBBB,ALL,ALL,,0,0,-,0,,,,,
1449335342,JFJ4833,NY,PAS,7/5/2019,98,SUBN,ME/BE,P,42820,17700,20320,20210124,46,46,46,941905,46,0,0346A,,BX,F,2170,JEROME AVE,,0,408,F7,,BBBBBBB,ALL,ALL,,0,0,-,0,,,,,
1449339888,LBC2385,PA,PAS,7/7/2019,67,SDN,HONDA,P,13020,58120,12550,20200430,46,46,46,966900,46,0,0847A,0847A,BX,F,1831,BILLINGSLEY TER,,0,408,E9,,BBBBBBB,ALL,ALL,GRAY,0,0,-,0,,,,,
1449339890,MAK1NA,NY,PAS,7/7/2019,67,SUBN,HONDA,P,13020,40404,40404,20190908,46,46,46,966900,46,0,0854A,0854A,BX,O,183,BILLINGSLEY TERR,,20190707,408,F7,,BBBBBBB,ALL,ALL,ORANG,0,2013,-,0,,,,,
1449341135,HWZ7440,NY,PAS,7/13/2019,19,SUBN,,P,70220,10535,74400,20200205,46,46,46,960933,46,0,0404P,,BX,F,1501,UNDERCLIFF AVENUE,,0,408,D5,,BBBBBBB,ALL,ALL,WH,0,2014,-,0,,,,,
1449341287,HZT3578,NY,PAS,7/9/2019,67,SUBN,TOYOT,P,52720,51620,0,20200625,46,46,46,961635,46,0,0847P,,BX,,,MOUNT HOPE PL,MONROE AVE,0,408,D5,,BBBBBBB,ALL,ALL,GRAY,0,2005,-,0,,,,,
1449341317,KLH7185,PA,PAS,7/9/2019,40,SUBN,HYUND,P,26940,69220,20020,0,46,46,46,961635,46,0,0835P,,BX,F,239,E 176 ST,,0,408,F7,,BBBBBBB,ALL,ALL,BLUE,0,0,-,0,,,,,
1449342127,JAL3068,NY,PAS,6/16/2019,60,SUBN,MERCU,P,72720,29120,27090,20200710,46,46,46,956841,46,0,1040P,,BX,F,2100,WALTON AVE,,0,408,K6,,BBBBBBB,ALL,ALL,GRY,0,2016,-,0,,,,,
1449342814,KDT4331,PA,PAS,7/5/2019,98,VAN,TOYOT,P,8920,42350,59525,20200630,46,46,46,961628,46,0,1037P,,BX,F,1752,ANTHONY AVE,,0,408,F1,,BBBBBBB,ALL,ALL,BLK,0,2018,-,0,,,,,
1449343995,HVZ7767,NY,PAS,6/25/2019,50,SDN,LEXUS,P,53620,22240,32320,20200626,46,46,46,933090,46,0,0215A,,BX,O,1525,NELSON AVE,,0,408,F2,,BBBBBBB,ALL,ALL,BRN,0,2007,-,0,,,,,
1449345955,JGW1226,NY,PAS,7/6/2019,48,SDN,TOYOT,P,28290,77150,10620,20210317,47,47,47,965496,47,0,1014P,,BX,F,715,E 222 ST,,0,408,F2,,BBBBBBB,ALL,ALL,BLUE,0,2013,-,0,,,,,
1449348180,HXJ7807,NY,PAS,6/26/2019,98,SUBN,TOYOT,P,77150,28140,28170,20200828,47,47,47,959273,47,0,1155A,,,F,3737,WHITE PLAINS RD,,0,408,F2,,BBBBBBB,ALL,ALL,GY,0,0,-,0,,,,,
1449349158,JCY4739,NY,PAS,7/14/2019,40,SDN,NISSA,P,28890,77150,10620,20190915,47,47,47,941763,47,0,0717P,,BX,F,707,E 242ND ST,,0,408,F2,,BBBBBBB,ALL,ALL,WT,0,2013,-,1,,,,,
1449349160,LPDH29,FL,PAS,7/14/2019,14,SDN,BMW,P,57920,77150,10620,0,47,47,47,955754,47,0,0801P,,BX,F,738,PENFIELD STREET,,0,408,E2,,BBBBBBB,ALL,ALL,,0,0,-,0,,,,,
1449349171,LRTZ52,FL,PAS,7/14/2019,67,SDN,TOYOT,P,0,40404,40404,0,47,47,47,941763,47,0,0845P,,,F,4701,NEWDOCK AVE,,0,408,C,,BBBBBBB,ALL,ALL,WH,0,0,-,0,,,,,
1449349183,HGD2185,NY,PAS,7/14/2019,40,SDN,NISSA,P,0,40404,40404,20200519,47,47,47,953754,47,0,1030P,,,O,745,ST QUEN,,0,408,F7,,BBBBBBB,ALL,ALL,,0,0,-,0,,,,,
1449349778,JKA9068,NY,PAS,7/14/2019,98,SDN,TOYOT,P,28320,10620,15620,20210617,47,47,47,964032,47,0,1024P,,BX,F,846,EAST 223 ST,,0,408,F2,,BBBBBBB,ALL,ALL,BLACK,0,2018,-,0,,,,,
1449349810,JGU8143,NY,PAS,7/6/2019,43,SUBN,BMW,P,45020,28440,28470,20190930,47,47,47,950795,47,0,0257A,,NY,F,4049,LACONIA AVE,,0,408,E9,,BBBBBBB,ALL,ALL,,0,0,-,0,,,,,
1447363530,GTG9901,NY,PAS,7/3/2019,14,SDN,HONDA,P,0,0,0,20191008,1,1,1,952856,1,0,0130P,,NY,,,N/E C/O STATE,BRIDGE,0,408,E2,,BBBBBBB,ALL,ALL,GN,0,2003,-,0,,,,,
1447377102,JCF7321,NY,PAS,6/16/2019,41,SDN,NISSA,P,10610,34190,34210,20200913,13,13,13,965724,13,0,1040P,,NY,F,203,7 AVE,,0,408,99,,BBBBBBB,ALL,ALL,BLK,0,2010,-,0,,,,,
1447379639,GNY3937,NY,PAS,7/7/2019,48,SDN,ME/BE,P,34710,10810,0,20200713,18,18,18,964802,18,0,1250A,1250A,NY,,,W 47 ST,8 AVE,0,408,F1,,BBBBBBB,ALL,ALL,BLACK,0,2014,-,0,,,,,
1447380368,HVF2841,NY,PAS,6/3/2019,14,SDN,TOYOT,P,34810,10810,10910,20200805,18,18,18,959789,18,0,0419P,,NY,F,305,WEST 52 ST,,0,408,J2,,BBBBBBB,ALL,ALL,RED,0,2013,-,0,,,,,
1447391780,JZT1678,PA,PAS,6/15/2019,98,SUBN,RA RO,P,32710,32685,23190,20180131,1,1,1,966740,1,0,0201A,,NY,F,17,VESTRY ST,,0,408,C,,BBBBBBB,ALL,ALL,BK,0,0,-,0,,,,,
1447406590,JER4256,NY,PAS,6/22/2019,71,SUBN,KIA,P,17090,10110,10010,20190309,9,9,9,965167,9,0,0207P,0200P,NY,O,321,E 5TH STREET,,0,408,F7,,BBBBBBB,ALL,ALL,BLK,0,2017,-,0,,,,,
1447412710,K12JWP,NJ,PAS,6/8/2019,14,SDN,NISSA,P,34190,10410,10510,0,13,13,13,965043,13,0,0040A,1130P,,F,59,W 21 ST,,0,408,C,,BBBBBBB,1100P,0600A,WHITE,0,0,-,0,,,,,
1447416624,JGX9658,NY,PAS,6/24/2019,40,SUBN,FORD,P,32633,17290,17310,20210331,13,13,13,962795,13,0,0228P,,NY,F,19,UNION SQ W,,0,408,F1,,BBBBBBB,ALL,ALL,BLUE,0,2007,-,0,,,,,
